{
  "openapi": "3.0.1",
  "info": {
    "title": "PathQA Sierra Slide DICOMweb image analysis API",
    "version": "v1"
  },
  "paths": {
    "/api/slide/analysisDetails": {
      "get": {
        "tags": [
          "Slides"
        ],
        "summary": "Gets the details of the specified slide analysis.",
        "operationId": "GetSlideAnalysisDetails",
        "parameters": [
          {
            "name": "analysisId",
            "in": "query",
            "description": "The analysis identifier.",
            "required": true,
            "schema": {
              "type": "string"
            }
          }
        ],
        "responses": {
          "400": {
            "description": "If the request is invalid.",
            "content": {
              "text/plain": {
                "schema": {
                  "$ref": "#/components/schemas/ProblemDetails"
                }
              },
              "application/json": {
                "schema": {
                  "$ref": "#/components/schemas/ProblemDetails"
                }
              },
              "text/json": {
                "schema": {
                  "$ref": "#/components/schemas/ProblemDetails"
                }
              }
            }
          },
          "200": {
            "description": "Returns the slide analysis response model.",
            "content": {
              "text/plain": {
                "schema": {
                  "$ref": "#/components/schemas/SlideAnalysisResponseModel"
                }
              },
              "application/json": {
                "schema": {
                  "$ref": "#/components/schemas/SlideAnalysisResponseModel"
                }
              },
              "text/json": {
                "schema": {
                  "$ref": "#/components/schemas/SlideAnalysisResponseModel"
                }
              }
            }
          }
        }
      }
    },
    "/api/slide/analyse": {
      "post": {
        "tags": [
          "Slides"
        ],
        "summary": "Starts a slide analysis task.",
        "operationId": "Submit Slide Analysis Task",
        "requestBody": {
          "description": "The slide analysis request model.",
          "content": {
            "application/json": {
              "schema": {
                "$ref": "#/components/schemas/SlideAnalysisRequestModel"
              }
            },
            "text/json": {
              "schema": {
                "$ref": "#/components/schemas/SlideAnalysisRequestModel"
              }
            },
            "application/*+json": {
              "schema": {
                "$ref": "#/components/schemas/SlideAnalysisRequestModel"
              }
            }
          }
        },
        "responses": {
          "400": {
            "description": "If the request is invalid.",
            "content": {
              "text/plain": {
                "schema": {
                  "$ref": "#/components/schemas/ProblemDetails"
                }
              },
              "application/json": {
                "schema": {
                  "$ref": "#/components/schemas/ProblemDetails"
                }
              },
              "text/json": {
                "schema": {
                  "$ref": "#/components/schemas/ProblemDetails"
                }
              }
            }
          },
          "200": {
            "description": "Returns the slide analysis response model.",
            "content": {
              "text/plain": {
                "schema": {
                  "$ref": "#/components/schemas/SlideAnalysisResponseModel"
                }
              },
              "application/json": {
                "schema": {
                  "$ref": "#/components/schemas/SlideAnalysisResponseModel"
                }
              },
              "text/json": {
                "schema": {
                  "$ref": "#/components/schemas/SlideAnalysisResponseModel"
                }
              }
            }
          }
        }
      }
    }
  },
  "components": {
    "schemas": {
      "PatchColor": {
        "type": "object",
        "properties": {
          "r": {
            "type": "number",
            "description": "Gets or sets the red component of the color in the range 0..255 inclusive.",
            "format": "double"
          },
          "g": {
            "type": "number",
            "description": "Gets or sets the green component of the color in the range 0..255 inclusive.",
            "format": "double"
          },
          "b": {
            "type": "number",
            "description": "Gets or sets the blue component of the color in the range 0..255 inclusive.",
            "format": "double"
          }
        },
        "additionalProperties": false,
        "description": "Represents a color patch with red, green, and blue components."
      },
      "PatchDataModel": {
        "type": "object",
        "properties": {
          "index": {
            "type": "integer",
            "description": "Gets the index of the patch.",
            "format": "int32"
          },
          "color": {
            "$ref": "#/components/schemas/PatchColor"
          },
          "rect": {
            "$ref": "#/components/schemas/PatchRect"
          },
          "slideWidth": {
            "type": "number",
            "description": "Gets the width of the slide, used to adjust the rectangle based on slide orientation.",
            "format": "double"
          },
          "slideHeight": {
            "type": "number",
            "description": "Gets the height of the slide, used to adjust the rectangle based on slide orientation.",
            "format": "double"
          }
        },
        "additionalProperties": false,
        "description": "Represents a data model for a patch, including its index, color, rectangle, and slide dimensions."
      },
      "PatchRect": {
        "type": "object",
        "properties": {
          "left": {
            "type": "number",
            "description": "Gets or sets the left boundary of the rectangle.",
            "format": "double"
          },
          "top": {
            "type": "number",
            "description": "Gets or sets the top boundary of the rectangle.",
            "format": "double"
          },
          "right": {
            "type": "number",
            "description": "Gets or sets the right boundary of the rectangle.",
            "format": "double"
          },
          "bottom": {
            "type": "number",
            "description": "Gets or sets the bottom boundary of the rectangle.",
            "format": "double"
          }
        },
        "additionalProperties": false,
        "description": "Represents a rectangular patch defined by its boundaries."
      },
      "ProblemDetails": {
        "type": "object",
        "properties": {
          "type": {
            "type": "string",
            "nullable": true
          },
          "title": {
            "type": "string",
            "nullable": true
          },
          "status": {
            "type": "integer",
            "format": "int32",
            "nullable": true
          },
          "detail": {
            "type": "string",
            "nullable": true
          },
          "instance": {
            "type": "string",
            "nullable": true
          }
        },
        "additionalProperties": { }
      },
      "SlideAnalysisErrorModel": {
        "type": "object",
        "properties": {
          "code": {
            "type": "string",
            "description": "Gets or sets the error code.  \r\nThis code uniquely identifies the type of error.",
            "nullable": true
          },
          "message": {
            "type": "string",
            "description": "Gets or sets the error message.  \r\nThis message provides a human-readable description of the error.",
            "nullable": true
          },
          "details": {
            "type": "string",
            "description": "Gets or sets the error details.  \r\nThis property contains additional information about the error,  \r\nsuch as stack traces or contextual data.",
            "nullable": true
          },
          "timestamp": {
            "type": "string",
            "description": "Gets or sets the timestamp of when the error occurred.  \r\nThis property indicates the exact date and time the error was logged.",
            "format": "date-time"
          }
        },
        "additionalProperties": false,
        "description": "Represents an error that occurred during slide analysis."
      },
      "SlideAnalysisProgressModel": {
        "type": "object",
        "properties": {
          "startedAt": {
            "type": "string",
            "description": "Gets or sets the timestamp when the slide analysis task processing started.",
            "format": "date-time"
          },
          "percentageComplete": {
            "type": "integer",
            "description": "Gets or sets the percentage of the slide analysis that is complete.",
            "format": "int32"
          },
          "currentStepMessage": {
            "type": "string",
            "description": "Gets or sets the message describing the current step of the slide analysis.",
            "nullable": true
          },
          "elapsedTime": {
            "type": "string",
            "description": "Gets or sets the total elapsed time for the slide analysis.",
            "format": "date-span"
          },
          "scannedPatches": {
            "type": "array",
            "items": {
              "$ref": "#/components/schemas/PatchDataModel"
            },
            "description": "Gets or sets the collection of processed scanned patches on the slide.",
            "nullable": true
          }
        },
        "additionalProperties": false,
        "description": "Represents the progress of slide analysis, including percentage completion, current step message, elapsed time, and scanned patches."
      },
      "SlideAnalysisRequestModel": {
        "type": "object",
        "properties": {
          "slideId": {
            "type": "integer",
            "description": "Gets or sets the unique identifier of the slide. \r\nThe SlideId is used to identify the slide for which the analysis is requested.\r\nIt should be a unique 5 digit integer value that corresponds to the slide in the system. e.g. 10602.",
            "format": "int32"
          },
          "activationCode": {
            "type": "string",
            "description": "Gets or sets the activation code required for the analysis.",
            "nullable": true
          },
          "dicomSeriesPath": {
            "type": "string",
            "description": "Gets or sets the file path to the DICOM series associated with the slide.  \r\nFor example https://healthcare.googleapis.com/v1/projects/sample-prj/locations/europe-west2/datasets/sample-dataset/dicomStores/sample-dicom-store/dicomWeb/studies/1.2.826.0.1.3680043.8.498.86511037036500003042762938149578969999/series/1.2.826.0.1.3680043.8.498.7144923065720561308914839758491639999",
            "nullable": true
          }
        },
        "additionalProperties": false,
        "description": "Represents a request model for slide analysis."
      },
      "SlideAnalysisResponseModel": {
        "type": "object",
        "properties": {
          "analysisId": {
            "type": "string",
            "description": "Gets or sets the unique identifier for the slide analysis.",
            "nullable": true
          },
          "createdAt": {
            "type": "string",
            "description": "Gets or sets the timestamp when the slide analysis task was created.",
            "format": "date-time"
          },
          "status": {
            "$ref": "#/components/schemas/SlideAnalysisStatus"
          },
          "result": {
            "$ref": "#/components/schemas/SlideAnalysisResultModel"
          },
          "progress": {
            "$ref": "#/components/schemas/SlideAnalysisProgressModel"
          },
          "error": {
            "$ref": "#/components/schemas/SlideAnalysisErrorModel"
          }
        },
        "additionalProperties": false,
        "description": "Represents the response model for slide analysis, containing details about the analysis status, result, progress, and errors."
      },
      "SlideAnalysisResultModel": {
        "type": "object",
        "properties": {
          "slideId": {
            "type": "integer",
            "description": "Gets or sets the unique identifier of the slide.  \r\nThe SlideId is used to identify the slide for which the analysis is requested.  \r\nIt should be a unique 5-digit integer value that corresponds to the slide in the system. e.g., 10602.",
            "format": "int32"
          },
          "dicomSeriesPath": {
            "type": "string",
            "description": "Gets or sets the file path to the DICOM series associated with the slide.  \r\nFor example, https://healthcare.googleapis.com/v1/projects/sample-prj/locations/europe-west2/datasets/sample-dataset/dicomStores/sample-dicom-store/dicomWeb/studies/1.2.826.0.1.3680043.8.498.86511037036500003042762938149578969999/series/1.2.826.0.1.3680043.8.498.7144923065720561308914839758491639999",
            "nullable": true
          },
          "pdfReportUrl": {
            "type": "string",
            "description": "Gets or sets the URL of the PDF report generated for the slide analysis.",
            "nullable": true
          },
          "csvDataFileUrl": {
            "type": "string",
            "description": "Gets or sets the URL of the CSV data file generated for the slide analysis.",
            "nullable": true
          },
          "scannedPatchColors": {
            "type": "array",
            "items": {
              "$ref": "#/components/schemas/PatchColor"
            },
            "description": "Gets or sets the colors for each scanned patch on the slide.",
            "nullable": true
          },
          "scannedPatchColorDeltaE2Ks": {
            "type": "array",
            "items": {
              "type": "number",
              "format": "double"
            },
            "description": "Gets or sets the CIEDE2000 color difference between each scanned and original spectral patch color on the slide.",
            "nullable": true
          },
          "scannedIntentPatchColors": {
            "type": "array",
            "items": {
              "$ref": "#/components/schemas/PatchColor"
            },
            "description": "Gets or sets the colors, adjusted by the embedded scanner ICC profile when available, for each scanned patch on the slide.",
            "nullable": true
          },
          "scannedIntentPatchColorDeltaE2Ks": {
            "type": "array",
            "items": {
              "type": "number",
              "format": "double"
            },
            "description": "Gets or sets the CIEDE2000 color difference between each scanned color adjusted by the embedded scanner ICC profile and the original spectral patch color on the slide.",
            "nullable": true
          },
          "sierraPatchColors": {
            "type": "array",
            "items": {
              "$ref": "#/components/schemas/PatchColor"
            },
            "description": "Gets or sets the colors, adjusted by a Sierra Slide-specific generated ICC profile, for each scanned patch on the slide.",
            "nullable": true
          },
          "sierraPatchColorDeltaE2Ks": {
            "type": "array",
            "items": {
              "type": "number",
              "format": "double"
            },
            "description": "Gets or sets the CIEDE2000 color difference between each scanned color adjusted by a Sierra Slide-specific generated ICC profile and the original spectral patch color on the slide.",
            "nullable": true
          }
        },
        "additionalProperties": false,
        "description": "Represents the result of a slide analysis, including various color data and file paths."
      },
      "SlideAnalysisStatus": {
        "enum": [
          "Queued",
          "Running",
          "Completed",
          "Failed"
        ],
        "type": "string",
        "description": "Represents the status of a slide analysis task."
      }
    },
    "securitySchemes": {
      "Bearer": {
        "type": "http",
        "description": "Using the Authorization header with the Bearer scheme.",
        "scheme": "bearer"
      }
    }
  },
  "security": [
    {
      "Bearer": [
        "Bearer"
      ]
    }
  ]
}