{
  "sopInstanceUid": "1.3.6.1.4.1.36533.160229163183113667313916218021120413623919145",
  "originalStudyInstanceUid": "1.3.6.1.4.1.36533.1281952419818577571431051851061301773965",
  "seriesInstanceUid": "1.3.6.1.4.1.36533.11416732175361791013524820220443118185",
  "intermediateStoragePath": "D:\\\\Ahead_New\\\\input\\\\3_1_144844\\\\3_1_144844\\\\1.3.6.1.4.1.36533.12313610024319762671961371995923012218718.dcm",
  "parsedData":{
    "PID-0": "PID",
    "PID-3.1": "232789230087",
    "PID-3.4.1": "Endeavour Health",
    "PID-3.4.2": "10.1000/182",
    "PID-3.4.3": "ISO",
    "PID-3.5": "MR",
    "PID-5.1": "Doe",
    "PID-5.2": "John",
    "PID-5.3": "Alfred",
    "PID-5.4": "Jr.",
    "PID-5.5": "Dr.",
    "PID-5.6": "MD",
    "PID-7": "19960123234623",
    "PID-8": "M",
    "PID-10.2": "White",
    "PID-22.1": "2106-3",
    "PID-22.2": "White",
    "PID-22.3": "HL7",
    "PID-35.1": "337915000",
    "PID-35.2": "Homo sapiens",
    "PID-35.3": "SCT",
    "SAC-0": "SAC",
    "SAC-2.1": "ACC0010111",
    "SAC-2.2":"Endeavour Lab",
    "SAC-2.3": "10.1000/183",
    "SAC-2.4": "ISO",
    "SAC-3.1": "FIX-0098",
    "SAC-3.2":"Endeavour Health",
    "SAC-3.3": "10.1000/182",
    "SAC-3.4": "ISO",
    "SAC-47.1": "433466003",
    "SAC-47.2":"Microscope slide",
    "SAC-47.3": "SCT",
    "SAC-48.1": "GLASS",
    "SAC-48.2": "GLASS",
    "OBR-0": "OBR",
    "OBR-2.1": "FIX-0098",
    "OBR-2.2": "Endeavour Health",
    "OBR-2.3": "10.1000/182",
    "OBR-2.4": "ISO",
    "OBR-3.1": "FILL-00100098",
    "OBR-3.2": "Endeavour Lab",
    "OBR-3.3": "10.1000/183",
    "OBR-3.4": "ISO",
    "OBR-4.1": "11529-5",
    "OBR-4.2": "Surgical Pathology Study Report",
    "OBR-4.3": "LN",
    "OBX-0": "OBX",
    "OBX-5.1": "1.3.6.1.4.1.36533.160229163183113667313916218021120413623919145",
    "SPM-0": "SPM",
    "SPM-2.1.1": "FIX-0098",
    "SPM-2.1.2": "Endeavour Lab",
    "SPM-2.1.3": "10.1000/183",
    "SPM-2.1.4": "ISO",
    "SPM-4.1": "119376003",
    "SPM-4.2": "Tissue specimen",
    "SPM-4.3": "SCT",
    "SPM-6[1].1": "431510009",
    "SPM-6[1].2": "Formalin",
    "SPM-6[1].3": "SCT",
    "SPM-6[2].1": "311731000",
    "SPM-6[2].2": "Paraffin wax",
    "SPM-6[2].3": "SCT",
    "SPM-6[3].1": "12710003",
    "SPM-6[3].2": "hematoxylin stain",
    "SPM-6[3].3": "SCT",
    "SPM-7.1": "17636008-from json",
    "SPM-7.2": "Specimen collection from json",
    "SPM-7.3": "SCT from json",
    "SPM-8.1": "41216001",
    "SPM-8.2": "Prostate",
    "SPM-8.3": "SCT",
    "SPM-9.1": "26216008",
    "SPM-9.2": "Central",
    "SPM-9.3": "SCT",
    "SPM-11.1": "P",
    "SPM-14": "Prostate sample",
    "SPM-17.1.1": "202501281425",
    "SPM-27.1": "433466003",
    "SPM-27.2": "Microscope slide",
    "SPM-27.3": "SCT",
    "SPM-30.1": "ACC000111",
    "SPM-30.4.1": "Endeavour Health",
    "SPM-30.4.2": "10.1000/182",
    "SPM-30.4.3": "ISO",
    "SPM-31.1": "1.23.4344.56789.01002"
  }
}