{
  "sopInstanceUid": "1.3.6.1.4.1.36533.160229163183113667313916218021120413623919145",
  "originalStudyInstanceUid": "1.3.6.1.4.1.36533.1281952419818577571431051851061301773965",
  "seriesInstanceUid": "1.3.6.1.4.1.36533.11416732175361791013524820220443118185",
  "intermediateStoragePath": "C:\\Users\\ravir\\Codebase\\images\\ravi_test_1.3.6.1.4.1.36533.1232411931112522976186135129321961341049786_1.3.6.1.4.1.36533.162231273215118776178152595025713221347_1.3.6.1.4.1.36533.11832682513725068159173656411549121137168.dcm",
  "parsedData": {
    "MSH-1": "|",
    "MSH-2": "^~\\&",
    "MSH-3": "MT-DICOMPATH",
    "MSH-5": "EH_ENRICH",
    "MSH-7": "20250409010655",
    "MSH-9": "OML",
    "MSH-9_2": "O33",
    "MSH-9_3": "OML_O33",
    "MSH-10": "ecc1633f-4a0f-4671-a3e9-2c79a0acae0d",
    "MSH-11": "P",
    "MSH-12": "2.8",
    "MSH-18": "UNICODE UTF-8",
    "MSH-21": "LAB-80",
    "MSH-21_2": "IHE",
    "PID-3": "PramanaPatient",
    "PID-5": "25SP_Pramana",
    "PID-5_2": "DPIA_path1",
    "PID-7": "19810309",
    "PID-8": "M",
    "SPM-2": "PR-24-1020-A4-1",
    "SPM-4": "119376003",
    "SPM-4_2": "Tissue specimen",
    "SPM-4_3": "SCT",
    "SPM-6[1]": "111095003",
    "SPM-6[1]_2": "Formaldehyde",
    "SPM-6[1]_3": "SCT",
    "SPM-6[2]": "311731000",
    "SPM-6[2]_2": "Paraffin wax",
    "SPM-6[2]_3": "SCT",
    "SPM-6[3]": "12710003",
    "SPM-6[3]_2": "Hematoxylin stain",
    "SPM-6[3]_3": "SCT",
    "SPM-6[4]": "36879007",
    "SPM-6[4]_2": "Water soluble eosin stain",
    "SPM-6[4]_3": "SCT",
    "SPM-7": "65801008",
    "SPM-7_2": "Excision",
    "SPM-7_3": "SCT",
    "SPM-8": "71854001",
    "SPM-8_2": "Colon",
    "SPM-8_3": "SCT",
    "SPM-14": "Colon FFPE HE",
    "SPM-17": "20250326185624",
    "SPM-30": "PR-24-1020",
    "SPM-30_2": "MT-DICOMPATH",
    "SPM-31": "5ac36ac4-286a-4a47-9a7e-3f40f9128954",
    "SAC-2": "PR-24-1020",
    "SAC-2_2": "MT-DICOMPATH",
    "SAC-3": "PR-24-1020-A4-1",
    "SAC-47": "433466003",
    "SAC-47_2": "Microscope slide",
    "SAC-47_3": "SCT",
    "ORC-1": "NW",
    "OBR-2": "IWOS_0001",
    "OBR-4": "USI_0001",
    "OBX-3": "110180",
    "OBX-3_2": "Study Instance UID",
    "OBX-3_3": "DCM",
    "OBX-5": "c19934c2-ee7c-4115-a10d-2a9af35a2f1f"
  }
}